SOURCE_SHEET;EXAMPLE NUMBER;TYPE OF GENDER STRATEGY;IT EXAMPLE;FOCUS
gender;1;full split form;Si tratta di un accordo scritto a tempo determinato o indeterminato tra il datore di lavoro e il lavoratore o la lavoratrice in cui vengono stabilite l’introduzione e le regole di comportamento da rispettare tra le parti del contratto.;il lavoratore o la lavoratrice
gender;2;full split form;Con l’interruzione dell’accordo il collaboratore o la collaboratrice ritorna alla sua posizione precedente.;il collaboratore o la collaboratrice
gender;3;full split form;All’atto della consegna del posto letto l’assegnatario o la assegnataria provvede al deposito cauzionale pari ad una mensilità.;l’assegnatario o la assegnataria
gender;4;full split form;Lo studente o la studentessa garantisce un comportamento adeguato al rispetto altrui.;Lo studente o la studentessa
gender;5;full split form;Il contratto di locazione viene disdetto dall’amministrazione, senza eccezioni e irrevocabilmente, nel caso la locataria o il locatario abbia terminato o interrotto gli studi.;la locataria o il locatario
gender;6;full split form;Le candidate o i candidati devono aver conseguito il diploma di scuola secondaria superiore presso un Istituto scolastico dell’Alto Adige.;Le candidate o i candidati 
gender;7;full split form;A seconda del comune, questa seconda fase cartacea viene gestita in modo diverso: o solo con rilevatori e rilevatrici che vanno di casa in casa, o anche con sportelli per la cittadinanza.;rilevatori e rilevatrici
gender;8;full split form;Le guide alpine e le guide sci-escursionistiche istruiscono, guidano e assistono scalatrici e scalatori, gruppi che praticano l'arrampicata tradizionale o sportiva, l'escursionismo su ghiaccio o neve oppure il trekking.;scalatrici e scalatori
gender;9;full split form;I fisioterapisti e le fisioterapiste lavorano con pazienti di ogni fascia di età la cui motricità e funzionalità è stata compromessa da traumi o patologie.;I fisioterapisti e le fisioterapiste
gender;10;full split form;A seconda della specializzazione e del luogo di lavoro, le mediche e i medici esercitano attività diversificate.;le mediche e i medici 
gender;11;full split form;La domanda da parte delle aspiranti esaminatrici e degli aspiranti esaminatori dovrà essere indirizzata al Commissariato del Governo per la provincia di Bolzano.;delle aspiranti esaminatrici e degli aspiranti esaminatori 
gender;12;full split form;Lavoratrici dipendenti e lavoratori dipendenti hanno diritto di astenersi dal lavoro per un periodo non superiore ai sei mesi.;Lavoratrici dipendenti e lavoratori dipendenti
gender;13;full split form;Nel caso di liberi professionisti o libere professioniste con l'iscrizione alla Gestione separata, può essere riconosciuta l’indennità di maternità/paternità.;liberi professionisti o libere professioniste
gender;14;full split form;In casi particolarmente complessi, la Commissione può richiedere la perizia di una consulente tecnica esterna o di un consulente tecnico esterno.;di una consulente tecnica esterna o di un consulente tecnico esterno
gender;15;full split form;La regolare esecuzione dei lavori e degli acquisti può essere documentata anche da un verbale di sopralluogo e di collaudo, redatto dal direttore o dalla direttrice dei lavori oppure da un altro tecnico qualificato o un’altra tecnica qualificata.;un altro tecnico qualificato o un’altra tecnica qualificata
gender;16;full split form;Nel semestre estivo 2020, 26 laureandi e laureande hanno presentato gli abstract delle loro tesi di laurea triennale e specialistica.;laureandi e laureande 
gender;17;full split form;Pedagogiste e pedagogisti sviluppano modelli pedagogici e fanno proposte su come andrebbe creata e migliorata la pratica educativa e formativa.;Pedagogiste e pedagogisti
gender;18;full split form;I preposti e le preposte sono determinati con deliberazione della giunta provinciale n. 134 del 28.01.2013.;I preposti e le preposte
gender;19;full split form;I direttori d’ufficio e le direttrici d’ufficio dovrebbero gentilmente controllare se sulla pagina web „Amministrazione trasparente“ risulta già pubblicato il curriculum vitae nel formato europeo.;I direttori d’ufficio e le direttrici d’ufficio 
gender;20;full split form;Il collaboratore all’informazione o la collaboratrice all’informazione si occupa, compatibilmente con i livelli di responsabilità e di autonomia previsti per la qualifica funzionale di appartenenza, di informazione pubblica e istituzionale.;Il collaboratore all’informazione o la collaboratrice all’informazione
gender;21;full split form with an omitted part of a term ;La datrice o il datore di lavoro nomina un'addetta o un addetto al Servizio di prevenzione e protezione.;La datrice o il datore di lavoro
gender;22;full split form with an omitted part of a term ;I lavoratori e le lavoratrici dipendenti del settore privato possono presentare domanda di congedo parentale.;I lavoratori e le lavoratrici dipendenti
gender;23;full split form with an omitted part of a term ;Il Servizio di Counseling Psicologico si rivolge a tutti gli studenti e le studentesse universitarie.;gli studenti e le studentesse universitarie
gender;24;full split form with an omitted part of a term ;Il revisore o la revisora unica redige un verbale delle riunioni, ispezioni, verifiche, determinazioni e decisioni adottate.;Il revisore o la revisora unica
gender;25;full split form with an omitted part of a term ;A seconda della mansione prevalente, dell'esperienza e delle qualifiche professionali, la collaboratrice o collaboratore domestico avrà un diverso trattamento normativo e retributivo.;la collaboratrice o collaboratore domestico 
gender;26;full split form with an omitted part of a term ;Non mancano i tentativi di smantellare l’impianto legislativo di contrasto alle mafie e ai sistemi criminali e quelli per indebolire l’istituto dei collaboratori e delle collaboratrici di giustizia.;dei collaboratori e delle collaboratrici di giustizia
gender;27;full split form with an omitted part of a term ;La Sindaca o il Sindaco metropolitano può nominare, tra i componenti del Consiglio, la Vice Sindaca o il Vice Sindaco.;La Sindaca o il Sindaco metropolitano
gender;28;full split form with an omitted part of a term ;Il termine collaboratore o collaboratrice familiare è comunemente utilizzato per indicare la generalità dei lavoratori domestici, quindi anche le persone addette all’assistenza (es. badanti).;collaboratore o collaboratrice familiare
gender;29;full split form with an omitted part of a term ;Il ministro o la ministra senza portafoglio non gestisce una struttura amministrativa complessa e non dispone di capacità di spesa o di un bilancio.;Il ministro o la ministra senza portafoglio 
gender;30;full split form with an omitted part of a term ;Per opere di particolare complessità, di lunga durata e di notevole impegno finanziario, la Giunta provinciale può delegare al responsabile unico o alla responsabile unica del procedimento i compiti sopra elencati.;al responsabile unico o alla responsabile unica del procedimento
gender;31;full split form with an omitted part of a term ;È prevista una eventuale proroga dell’incarico delle attuali commissarie e degli attuali commissari d’esame per l’accertamento della conoscenza delle lingue italiana e tedesca.;delle attuali commissarie e degli attuali commissari d’esame
gender;32;full split form with an omitted part of a term ;Chi lavora come tecnico o tecnica di cantiere supervisiona e coordina le attività di un cantiere edile.;tecnico o tecnica di cantiere
gender;33;full split form with an omitted part of a term ;Il tecnico o tecnica di macchine per movimento terra, lavori stradali e costruzione condotte opera nel settore delle infrastrutture.;tecnico o tecnica di macchine per movimento terra, lavori stradali e costruzione condotte 
gender;34;full split form with an omitted part of a term ;Ogni specializzando o specializzanda in medicina sportiva avrà la possibilità di svolgere già qualche attività di natura ambulatoriale.;specializzando o specializzanda in medicina sportiva
gender;35;full split form with an omitted part of a term ;Il piano pluriennale di assunzioni è volto alla rideterminazione delle dotazioni organiche del personale di sostegno al fine di garantire l'assegnazione di docenti di sostegno fino a coprire interamente l'orario di permanenza a scuola dell'alunno o alunna disabili.;alunno o alunna disabili
gender;36;full split form with an omitted part of a term ;Le educatrici e gli educatori sociali aiutano, supportano, motivano e consigliano le persone di tutte le età nella gestione della loro vita.;Le educatrici e gli educatori sociali
gender;37;full split form with an omitted part of a term ;I collaboratori e le collaboratrici all'integrazione lavorano con persone con disabilità dalla scuola dell'infanzia alla scuola superiore.;I collaboratori e le collaboratrici all'integrazione
gender;38;full split form with an omitted part of a term ;Il Servizio svolge prevalentemente attività di indirizzo degli studenti e studentesse disabili al momento dell’ingresso ed uscita dall’università e di supporto durante tutto il percorso di studi.;studenti e studentesse disabili
gender;39;full split form with an omitted part of a term ;Il Sistema Bibliotecario di Ateneo è impegnato nell’accogliere nelle proprie sedi gli studenti e le studentesse con disabilità o con disturbi specifici dell’apprendimento e nell’offrire loro i propri servizi.;gli studenti e le studentesse con disabilità 
gender;40;full split form with an omitted part of a term ;Può fare uso del titolo di maestro o maestra artigiana solo chi è in possesso del relativo diploma.;maestro o maestra artigiana
gender;41;full split form with slash;L’ASPP è un collaboratore / una collaboratrice del/la DL in materia di salute e sicurezza sul lavoro.;un collaboratore / una collaboratrice
gender;42;full split form with slash;In caso di assenza o di impedimento, la Difensora civica/il Difensore civico può incaricare un membro del personale in sua sostituzione.;la Difensora civica/il Difensore civico
gender;43;full split form with slash;Ogni responsabile del Centro per la tutela contro le discriminazioni svolge i suoi compiti in piena autonomia e indipendenza con l’organizzazione della Difensora civica/del Difensore civico.;della Difensora civica/del Difensore civico
gender;44;full split form with slash;Al commissario straordinario/Alla commissaria straordinaria spettano le attribuzioni del Consiglio.;Al commissario straordinario/Alla commissaria straordinaria
gender;45;full split form with slash;Il compenso massimo attribuibile ai componenti del collegio dei revisori dei conti o al revisore unico/alla revisora unica è quello previsto dalla relativa normativa regionale.;al revisore unico/alla revisora unica
gender;46;full split form with slash;È indetto un concorso pubblico per titoli ed esami per la copertura di un posto a tempo parziale in qualità di funzionario amministrativo o contabile / funzionaria amministrativa o contabile.;funzionario amministrativo o contabile / funzionaria amministrativa o contabile
gender;47;full split form with slash;L’Avvocato/L’Avvocata della Provincia riferisce regolarmente al/alla Presidente della Provincia e al Segretario generale/alla Segretaria generale sull’attività svolta.;al Segretario generale/alla Segretaria generale 
gender;48;full split form with slash;Nessun avvocato/Nessuna avvocata può percepire compensi forensi superiori all’ammontare del proprio trattamento economico complessivo a tempo pieno, tenuto conto di tutti gli elementi retributivi spettanti.;Nessun avvocato/Nessuna avvocata
gender;49;full split form with slash;L'infermiere / l'infermiera svolge la sua attività professionale in strutture sanitarie, pubbliche o private, nel territorio e nell'ambito delle cure primarie, in regime di dipendenza o libero professionale.;L‘infermiere / l‘infermiera
gender;50;full split form with slash;L’ispettore traduttore/ispettrice traduttrice esegue traduzioni di testi giuridici, amministrativi nonché di carattere generale e si occupa delle relative questioni stilistiche.;L’ispettore traduttore/ispettrice traduttrice
gender;51;full split form with slash;L’ispettore statistico/ispettrice statistica progetta, programma e organizza rilevazioni statistiche e analizza ed interpreta informazioni statistiche.;L’ispettore statistico/ispettrice statistica
gender;52;full split form with slash;Valutare i rischi significa valutare l'ambiente di lavoro e non le lavoratrici / i lavoratori.;le lavoratrici / i lavoratori
gender;53;full split form with slash;La corretta e sicura identificazione di ogni paziente da parte degli operatori sanitari / delle operatrici sanitarie è di fondamentale importanza anche per garantire cure appropriate.;degli operatori sanitari / delle operatrici sanitarie
gender;54;full split form with slash;Se detto termine dovesse essere superiore a un mese, dev’esserne data espressa motivazione che deve essere comunicata all’interessata/all’interessato.;all’interessata/all’interessato
gender;55;full split form with slash;Il beneficiario assume il ricercatore/la ricercatrice, espleta tutti gli adempimenti amministrativi e garantisce il necessario supporto scientifico-professionale.;il ricercatore/la ricercatrice
gender;56;full split form with slash;Sono state assegnate le borse di studio per merito a laureati/laureate frequentanti istituzioni universitarie o scuole ed istituti di istruzione e formazione tecnica superiore all’estero.;laureati/laureate
gender;57;full split form with slash;Il/la dirigente preposto/a si assume la responsabilità di eventuali danni arrecati all'amministrazione o agli interessati/alle interessate.;agli interessati/alle interessate
gender;58;full split form with slash;La graduatoria per il profilo professionale di operaia specializzata/operaio specializzato è stilata distintamente per gruppi linguistici e zone geografiche.;operaia specializzata/operaio specializzato
gender;59;full split form with slash;Questa figura professionale collabora con il restauratore/la restauratrice eseguendo, con autonomia decisionale strettamente afferente alle proprie competenze tecniche, determinate azioni dirette ed indirette per limitare i processi di degrado dei beni ed assicurarne la conservazione.;il restauratore/la restauratrice
gender;60;full split form with slash;I compiti di segreteria sono svolti da un impiegato / una impiegata della rispettiva ripartizione o struttura organizzativa.;un impiegato / una impiegata
gender;61;full split form of article or preposition before an epicene term with slash ;La ripartizione tecnica dell'Ipes, ufficio tecnico nord e gruppo di lavoro impianti tecnici, è alla ricerca di una/un geometra.;una/un geometra
gender;62;full split form of article or preposition before an epicene term with slash ;L’RSPP è il / la consulente del/la DL in materia di salute e sicurezza sul lavoro.;il / la consulente
gender;63;full split form of article or preposition before an epicene term with slash ;L’Agenzia stampa cerca una/un giornalista.;una/un giornalista
gender;64;full split form of article or preposition before an epicene term with slash ;In caso di assenza o di impedimento, il Difensore civico può incaricare una/un dipendente della sua sostituzione.;una/un dipendente
gender;65;full split form of article or preposition before an epicene term with slash ;La/Il responsabile del Centro per la tutela contro le discriminazioni continua a svolgere in via provvisoria i propri compiti.;La/Il responsabile
gender;66;full split form of article or preposition before an epicene term with slash ;Il/la titolare del posto letto è responsabile della buona conduzione della stanza e ha cura del mobilio ricevuto in consegna.;Il/la titolare 
gender;67;full split form of article or preposition before an epicene term with slash ;Il presente regolamento disciplina la delega di funzioni al/alla Presidente della Provincia in materia contenziosa.;al/alla Presidente
gender;68;full split form of article or preposition before an epicene term with slash ;Nella contrattazione collettiva intercompartimentale essa si compone di almeno un/una rappresentante per ciascuno dei comparti di contrattazione.;un/una rappresentante
gender;69;full split form of article or preposition before an epicene term with slash ;La domanda può essere presentata per la graduatoria per il comune di residenza del/della richiedente.;del/della richiedente
gender;70;full split form of article or preposition before an epicene term with slash ;È necessario allegare l'ordinanza del giudice/della giudice.;del giudice/della giudice
gender;71;full split form of article or preposition before an epicene term with slash ;Qualora il/la Soprintendente intenda adottare il proprio provvedimento in difformità dal parere della commissione, presupposto indispensabile per l'emanazione dell'atto è il parere favorevole congiuntamente espresso dagli assessorati cui sono affidate le materie della tutela del paesaggio e dei beni culturali.;il/la Soprintendente
gender;72;full split form of article or preposition before an epicene term with slash ;Presso il segretariato sociale si accolgono le richieste degli/delle utenti e si forniscono informazioni basilari.;degli/delle utenti
gender;73;full split form of article or preposition before an epicene term with slash ;Per questo motivo deve essere convocata una seduta non pubblica alla quale parteciperanno i membri della commissione esaminatrice, il coordinatore di concorso e una/un testimone.;una/un testimone
gender;74;full split form of article or preposition before an epicene term with slash ;L’orario può essere concordato con il / la tirocinante e viene comunicato alla scuola di appartenenza.;il / la tirocinante 
gender;75;full split form of article or preposition before an epicene term with slash ;L’Ufficio nomina un/una tutor, che sarà il punto di riferimento per chi svolge il tirocinio.;un/una tutor
gender;76;full split form of article or preposition before an epicene term with slash ;In nessun caso possono essere corrisposti trattamenti economici sostitutivi per eventuali giorni di ferie non godute, ai/alle dipendenti in servizio.;ai/alle dipendenti
gender;77;full split form of article or preposition before an epicene term with slash ;L'ospite della residenza per anziani ovvero il/la coniuge pagano la retta giornaliera stabilita nella misura prevista dal D.P.G.P. 11 agosto 2000, n. 30.;il/la coniuge
gender;78;full split form of article or preposition before an epicene term with slash ;Con riferimento alle attività di individuazione delle/dei partecipanti, il beneficiario deve assicurare il rispetto dei criteri definiti nell’ambito della proposta progettuale e le modalità di selezione previste.;delle/dei partecipanti
gender;79;full split form of article or preposition before an epicene term with slash ;Gli ispettorati accompagnano le/i dirigenti, il personale docente ed educativo e tutti gli attori del settore educativo e formativo offrendo loro sostegno e consulenza.;le/i dirigenti
gender;80;full split form of article or preposition before an epicene term with slash ;Attraverso un lavoro costante di programmazione educativa e didattica, le/i docenti si impegnano a rispondere alle differenti richieste dell'utenza nel rispetto delle singole realtà, offrendo pari opportunità educative.;le/i docenti
gender;81;full split form of article or preposition before an epicene term;Il o la rappresentante dei lavoratori per la sicurezza, su sua richiesta e per l’espletamento della sua funzione, riceve copia cartacea o digitale del Documento di valutazione del rischio.;Il o la rappresentante dei lavoratori per la sicurezza
gender;82;full split form of article or preposition before an epicene term;Ogni provvedimento giuridico amministrativo definitivo della Pubblica Amministrazione è impugnabile innanzi al Tribunale amministrativo, a condizione che con il provvedimento sia stato leso un interesse legittimo del o della ricorrente.;del o della ricorrente
gender;83;full split form of article or preposition before an epicene term;Il periodo di prova viene valutato attraverso la documentazione riferita alle visite in classe, la documentazione relativa allo sviluppo professionale, la relazione del o della tutor.;del o della tutor
gender;84;full split form of article or preposition before an epicene term;Il medico che curi una o un paziente per la prima volta per una patologia cronica informa la o il paziente della presenza in commercio di farmaci di uguale composizione in principi attivi.;una o un paziente 
gender;85;full split form of article or preposition before an epicene term;Il team di valutazione è composto da un’ispettrice scolastica o un ispettore scolastico e da una o un dirigente dell’Intendenza scolastica ladina.;una o un dirigente 
gender;86;full split form of article or preposition before an epicene term;La corrispondenza tra il personale docente in servizio e la scuola avviene, di norma, tramite la casella di posta istituzionale assegnata alla o al docente.;alla o al docente
gender;87;full split form of article or preposition before an epicene term;Per l'Istituto Provinciale di Assistenza all'Infanzia la Provincia cerca un o una assistente all'infanzia a tempo pieno tramite bando di concorso pubblico.;un o una assistente all'infanzia
gender;88;full split form of article or preposition before an epicene term;Qualora siano interessati più Comuni, partecipa un o una rappresentante di ciascun Comune.;un o una rappresentante 
gender;89;full split form of article or preposition before an epicene term;La o il giudice amministra la giustizia nell'ambito dei processi di ordine civile, penale, amministrativo, costituzionale e stragiudiziale.;La o il giudice 
gender;90;full split form of article or preposition before an epicene term;In quanto narrazioni in prima persona, da parte di un o una testimone che si presenta con nome e cognome, le fonti orali quasi sempre contengono informazioni personali e confidenziali.;un o una testimone
gender;91;full split form of article or preposition before an epicene term;Il presente regolamento disciplina l'elezione dei Consigli di Quartiere e delle o dei Presidenti dei Consigli di Quartiere.;delle o dei Presidenti
gender;92;full split form of article or preposition before an epicene term;In casi eccezionali per corsi di particolare natura, può essere previsto un congruo compenso anche per il trasporto delle o dei partecipanti dalla sede del corso alla sede dello svolgimento delle eventuali prove pratiche.;delle o dei partecipanti 
gender;93;full split form of article or preposition before an epicene term;Salvo accordi speciali il o la committente consegna all’Archivio provinciale, in forma gratuita, una copia di ogni opera prodotta immediatamente dopo la sua pubblicazione.;il o la committente 
gender;94;full split form of article or preposition before an epicene term;Al o alla Vice Presidente spetta lo svolgimento dei compiti riservati al o alla Presidente in caso di assenza o impedimento temporaneo.;Al o alla Vice Presidente 
gender;95;full split form of article or preposition before an epicene term;Durante lo svolgimento delle prove scritte o pratiche è sufficiente, salvo particolari esigenze di vigilanza, la presenza di due componenti della commissione d’esame ovvero di un o una componente e del segretario o della segretaria.;un o una componente 
gender;96;full split form of article or preposition before an epicene term;Criterio di assegnazione dei posti letto è la distanza della residenza del o della richiedente dal Convitto.;del o della richiedente
gender;97;full split form of article or preposition before an epicene term;La domanda per l’assegnazione deve indicare Il nome del o della responsabile della contabilità.;del o della responsabile
gender;98;full split form of article or preposition before an epicene term;Indipendentemente dallo stato di famiglia, è necessario indicare anche la o il convivente.;la o il convivente
gender;99;full split form of article or preposition before an epicene term;In tal caso si considerano anche il reddito ed il patrimonio della o del coniuge.;della o del coniuge
gender;100;full split form of article or preposition before an epicene term;In mancanza del o della custode possono essere incaricati dello sgombero della neve anche i bidelli e le bidelle.;del o della custode
gender;101;contracted split form;Inserire nei singoli riquadri le osservazioni relative a interessi, capacità, competenze e difficoltà dell’alunno/a.;alunno/a
gender;102;contracted split form;Il percorso prevede un primo biennio di base al termine del quale lo/la studente/ssa può scegliere di iscriversi al successivo biennio.;studente/ssa
gender;103;contracted split form;L'Amministrazione provinciale ha indetto un concorso per la copertura di tre posti di avvocato/a a tempo indeterminato.;avvocato/a
gender;104;contracted split form;Con l’entrata in vigore del Decreto Legislativo n. 42 del 17.02.2017 sono state apportate rilevanti modifiche alle modalità per il riconoscimento della figura di tecnico/a competente in acustica.;tecnico/a 
gender;105;contracted split form;L'esperto/a in estimo esegue responsabilmente, secondo le indicazioni del proprio superiore, stime per l'Amministrazione provinciale ed altri enti pubblici.;esperto/a
gender;106;contracted split form;Lo scopo di questa formazione specialistica è di fornire conoscenze e abilità specifiche di cucina dietetica a cuochi/e qualificati/e o già provvisti di un'adeguata esperienza professionale.;cuochi/e
gender;107;contracted split form;Per l’espletamento delle funzioni di segretario/a comunale è necessaria la frequentazione di un corso di durata annuale e il superamento dell’esame di abilitazione.;segretario/a 
gender;108;contracted split form;Il corso si rivolge a medici, fisioterapisti/e, terapisti/e occupazionali, logopedisti/e, dietisti/e, assistenti sociali e assistenti spirituali.;fisioterapisti/e
gender;109;contracted split form;L’assistenza post-parto nel primo periodo è fornita principalmente dagli/le ostetrici/che.;ostetrici/che
gender;110;contracted split form;Dichiara di aderire alla Cassa Edile della Provincia Autonoma di Bolzano e si impegna a osservare i Contratti Collettivi Nazionali per operai/e edili.;operai/e
gender;111;contracted split form;È garantita la presenza di due infermiere/i con turno completo e un infermiera/e con orario ridotto.;infermiere/i 
gender;112;contracted split form;"Il corso ""Formazione per Mediatore/trice Interculturale"" ha l'obiettivo di fornire le competenze di base che permettono di accompagnare e facilitare il processo di inclusione di persone straniere nella società di accoglienza.";Mediatore/trice 
gender;113;contracted split form;L’attività di selezione viene organizzata dal/la coordinatore/trice del corso.;coordinatore/trice
gender;114;contracted split form;Il diploma di maestro/a professionale è la qualificazione della formazione continua più importante nei mestieri artigianali.;maestro/a
gender;115;contracted split form;Affinché il personale sanitario possa accedere al FSE in caso di emergenza o cura medica, ogni cittadino/a deve dare il proprio consenso alla consultazione.;cittadino/a 
gender;116;contracted split form;Il programma è destinato a 20 ragazze/i iscritti all'Università.;ragazze/i
gender;117;contracted split form;Portare avanti un ballo come parte di una tradizione scolastica dei/le maturandi/e è un’occasione per festeggiare la conclusione di un iter scolastico.;maturandi/e
gender;118;contracted split form;È indetto un concorso pubblico per esami per il conferimento di 1 posto a tempo pieno di Operaio/a.;operaio/a
gender;119;contracted split form;Dichiara che l'altro coniuge è lavoratrice/tore autonomo.;lavoratrice/tore
gender;120;contracted split form;In base al regolamento la Consulta provinciale per le persone anziane sarà composta da 15 membri, in rappresentanza dei Comuni, dei Servizi sociali, delle Consulte comunali della terza età, dal Garante della terza età oltre all’assessora/e competente che la presiede.;assessora/e
gender;121;split forms of pronouns and clitics;In caso di assenza o di impedimento, la Difensora civica/il Difensore civico può incaricare un membro del personale di sostituirla/sostituirlo limitatamente all’ordinaria amministrazione.;sostituirla/sostituirlo
gender;122;split forms of pronouns and clitics;Per l’espletamento dei compiti propri della Difesa Civica e del Centro di tutela contro le discriminazioni la Difensora civica/il Difensore Civico si avvale del personale assegnatole/assegnatogli dal Consiglio provinciale d’intesa con la Difesa civica.;assegnatole/assegnatogli 
gender;123;split forms of pronouns and clitics;Ad esse/essi spetta altresì il trattamento economico di missione previsto per le/i dipendenti dell’amministrazione provinciale.;esse/essi
gender;124;split forms of pronouns and clitics;Decorsi 20 giorni dalla richiesta senza che abbiano ottenuto risposta o in caso di risposta insoddisfacente, esse/essi possono chiedere l’intervento della Difesa civica.;esse/essi
gender;125;split forms of pronouns and clitics;Il/la sottoscritto/a dichiara che l’organizzazione da lui/lei rappresentata svolge una delle attività individuate nei criteri sottoindicati per l’utilizzo di palestre ed impianti sportivi.;lui/lei
gender;126;split forms of pronouns and clitics;L’analista-sistemista EDP è responsabile del buon funzionamento e della manutenzione dei programmi assegnatigli/le.;assegnatigli/le
gender;127;split forms of pronouns and clitics;Il domestico/la domestica verifica e controlla l’inventario connesso ai compiti affidatigli/le.;affidatigli/le
gender;128;split forms of pronouns and clitics;Lei/lui ha la competenza in materia di previsioni e monitoraggio di spesa e definizione dei fabbisogni aziendali.;Lei/lui 
gender;129;split forms of pronouns and clitics;Ella/Egli fornisce informazioni e consulenza e svolge la funzione di mediatore anche in merito a questioni concernenti il settore della sanità.;Ella/Egli
gender;130;split forms of pronouns and clitics;Le dichiarazioni trasmesse tramite mail, PEC o posta, consegnate da terze persone devono essere firmate dalla/dal richiedente o, nel caso in cui ella/egli sia minorenne, da colei/colui che esercita la responsabilità genitoriale.;colei/colui 
gender;131;split forms of pronouns and clitics;Prima di consegnargli/le le chiavi dell'alloggio è necessario sottoscrivere il contratto di locazione, dal quale risultano tutti i diritti e gli obblighi.;consegnargli/le
gender;132;split forms of pronouns and clitics;Disabili: cosa prevede la legge per accudirli/le?;accudirli/le
gender;133;split forms of pronouns and clitics;Aumenta il numero di influencer in Italia, a seguirli/le sono in 27 milioni.;seguirli/le 
gender;134;split forms of pronouns and clitics;Il soggetto tenuto all’assolvimento dell’imposta di bollo è colui/colei che procede alla formazione del documento e quindi forma l’atto, e lo consegna e spedisce.;colui/colei
gender;135;split forms of pronouns and clitics;Egli/ella rappresenta il comune, convoca e presiede il consiglio e la giunta comunale e sorveglia l’attività dei servizi ed uffici e l’esecuzione degli atti.;Egli/ella
gender;136;split forms of pronouns and clitics;La Commissione trasmette senza indugio la motivazione fornita dalle Nazioni Unite alla persona, all’entità, all’organismo o al gruppo per darle/dargli la possibilità di formulare osservazioni in merito.;darle/dargli
gender;137;split forms of pronouns and clitics;Il personale spiegherà come affrontare un vero e proprio colloquio di lavoro, per aiutarli/le a superare in modo preparato e consapevole il primo incontro con un'azienda nella loro ricerca del lavoro.;aiutarli/le
gender;138;split forms of pronouns and clitics;Per prevenire un'evoluzione sempre più stringente verso politiche securitarie e punitive nei confronti delle/dei giovani, bisogna tornare ad ascoltarle/ascoltarli e creare i necessari ponti con le istituzioni.;ascoltarle/ascoltarli
gender;139;split forms of pronouns and clitics;Expertise è un alto livello di competenza e capacità con le quali l’esperto/a può gestire i complessi problemi e processi affinché egli/lei abbia il minimo rischio di errore.;egli/lei
gender;140;split forms of pronouns and clitics;Egli/lei si impegna a mantenere ed aggiornare costantemente la propria preparazione, in particolare sulle tecniche di mediazione e composizione dei conflitti.;Egli/lei 
gender;141;epicene terms;Si lavora con pazienti di ogni fascia di età la cui motricità e funzionalità è stata compromessa da traumi o patologie.;pazienti 
gender;142;epicene terms;L'iscrizione nel ruolo è altresì necessaria per prestare attività di conducente di veicoli.;conducente
gender;143;epicene terms;L'infermiera / l'infermiere è il/la professionista che, nel corso del processo di cura, mantenimento e/o recupero dello stato di salute, si occupa dell’utente nella sua globalità, costruendo una relazione di fiducia.;utente
gender;144;epicene terms;Ogni docente potrà scegliere un posto intero oppure uno spezzone orario.;docente
gender;145;epicene terms;L'autista conduce automezzi e provvede all'ordinaria manutenzione degli automezzi affidatigli, nonché alle piccole riparazioni.;autista
gender;146;epicene terms;Il rifugio è stato intitolato con il nome dell'alpinista Corsi.;alpinista
gender;147;epicene terms;Dalla sessione primaverile del 1979 in poi ha svolto anche la funzione di giudice della Corte d'Assise.;giudice
gender;148;epicene terms;Nella seduta odierna la Giunta provinciale ha nominato Rossi presidente del consiglio di amministrazione.;presidente
gender;149;epicene terms;Per l'esercizio della professione di giornalista è necessaria l'iscrizione all'albo professionale.;giornalista
gender;150;epicene terms;Nel caso di coniuge fiscalmente a carico, la detrazione compete a chi ha un reddito.;coniuge
gender;151;epicene terms;Nelle scuole italiane l'insegnamento delle materie è condotto in lingua italiana da insegnanti di madrelingua italiana.;insegnantI
gender;152;epicene terms;Cercasi dentista per collaborazione in studio dentistico.;dentista
gender;153;epicene terms;L'evento è rivolto ad agenti e rappresentanti, così come a imprenditori e imprenditrici di tutti i settori merceologici. ;rappresentanti
gender;154;epicene terms;Erano presenti anche due parlamentari del Gruppo misto-Minoranze linguistiche.;parlamentari
gender;155;epicene terms;La figura di tutor aziendale è prevista dalla legge provinciale 4 luglio 2012, n. 12, Ordinamento dell'apprendistato.;tutor
gender;156;epicene terms;La Scuola Forense di Bolzano è stata istituita dal Consiglio dell'Ordine ai fini della formazione di praticanti.;praticante
gender;157;epicene terms;Ogni impresa potrà fare domanda di contributo per un massimo di 3 tirocinanti.;tirocinanti
gender;158;epicene terms;Al termine del periodo di prova l'amministrazione determina la definitiva posizione economica dell'aspirante tenuto conto della comprovata esperienza professionale.;aspirante
gender;159;epicene terms;Nel corso dell'incontro una dozzina di assistenti all'infanzia hanno manifestato il proprio interesse per questa opportunità occupazionale.;assistenti all'infanzia
gender;160;epicene terms;Il verbale è redatto in contraddittorio con il proprietario/i proprietari o in loro assenza con l'intervento di testimoni.;testimoni
gender;161;epicene terms;Ogni richiedente ha la possibilità di compilare l'apposito modulo online per ottenere informazioni sulle agevolazioni disponibili.;richiedente
gender;162;epicene terms;Le scuole dell'infanzia e le scuole professionali e di musica della Provincia sono dirette da dirigenti di seconda fascia.;dirigenti
gender;163;epicene terms;l lavoro fra le varie istituzioni ha permesso di rilevare le esigenze del territorio e di proporre relazioni e laboratori mirati al rafforzamento di una pedagogia innovativa e di una didattica sempre più centrata su discenti e docenti.;discenti 
gender;164;epicene terms;Ogni collega si impegna regolarmente per cercare la via giusta di comunicazione, che permette di stabilire un rapporto di massima e reciproca fiducia.;collega
gender;165;epicene terms;La vita da turista, per quanto divertente, è anche dura e spesso ci si stanca più in vacanza che a lavoro.;turista
gender;166;epicene terms;Si definisce barista chi svolge la sua giornata lavorativa dietro al bancone di un bar, servendo caffè, altre bevande, snack e diversi cibi alla clientela del locale in cui lavora.;barista
gender;167;epicene terms;Bianchi ha alle spalle un passato da ciclista negli anni Duemila.;ciclista
gender;168;epicene terms;In ambito musicale è possibile lavorare come strumentisti/e, direttori/direttrici d'orchestra, nonché cantanti.;cantante
gender;169;epicene terms;È possibile trovare badanti attraverso contatti privati, l'agenzia di collocamento o attraverso agenzie e cooperative sociali specializzate.;badanti
gender;170;epicene terms;Per poter iniziare le attività di agente di commercio le persone interessate devono dimostrare i requisiti attualmente prescritti al Registro delle Imprese della Camera di Commercio territorialmente competente in forma telematica.;agente di commercio
gender;171;invariable terms;L'obiettivo è rendere il traffico automobilistico più fluido e sicuro, ma anche creare un migliore accesso per i pedoni verso la stazione ferroviaria.;pedoni
gender;172;invariable terms;Su ciascuna formella è inciso in stampatello il cognome di un personaggio famoso storico o contemporaneo.;personaggio
gender;173;invariable terms;Il sussidio ha lo scopo di garantire alle vittime di violenza la possibilità di richiedere assistenza legale.;vittime
gender;174;invariable terms;Ogni vittima della strada è una di troppo.;vittima
gender;175;invariable terms;La guardia giurata sorveglia banche, uffici, aziende ecc. al fine di prevenire i tentativi di effrazione e di rapina.;guardia giurata
gender;176;invariable terms;Le guardie zoofile svolgono la loro funzione in via onoraria.;guardia zoofila
gender;177;invariable terms;L'Ufficio provinciale Assunzioni personale ha indetto un corso-concorso pubblico per l'assunzione a tempo indeterminato di 25 guardie forestali.;guardia forestale
gender;178;invariable terms;L'istruttore capo ha dato il benvenuto in caserma alle otto nuove reclute.;recluta
gender;179;invariable terms;I campionati momentaneamente fermi hanno dato l'occasione alla squadra arbitrale di cercare nuove reclute.;reclute
gender;180;invariable terms;Le nuove reclute, tra cui molte donne, sono state accolte con una cerimonia di benvenuto.;reclute
gender;181;invariable terms;La collaborazione può essere revocata in accordo con la persona di riferimento, qualora non ci siano attività idonee.;persona di riferimento
gender;182;invariable terms;Il consultorio familiare offre alle famiglie, alle coppie ed alle persone singole consulenza e sostegno per problemi di natura sociale, psicologica, ginecologica, nonché relazionale, sessuale, educativa e legale.;persone
gender;183;invariable terms;Lo stress si manifesta ogni qualvolta l'individuo deve affrontare un cambiamento e deve mettere in atto delle strategie per ristabilire un equilibrio.;individuo
gender;184;invariable terms;Ora queste donne chiedono il cessate il fuoco immediato e il rilascio degli ostaggi, tra cui alcune attiviste dell'organizzazione.;ostaggi
gender;185;invariable terms;Si cercano sentinelle notturne che una volta al mese che siano disponibili a vegliare una notte al capezzale di un o una paziente.;sentinella notturna
gender;186;invariable terms;La nomina a membro della Commissione d'appello ha una durata di tre anni.;membro
gender;187;invariable terms;Tutti i soggetti coinvolti nella sicurezza sul lavoro sono da informare e da formare sui rischi presenti e le misure di prevenzione e protezione da adottare.;soggetti
gender;188;invariable terms;Taylor Lee è un genio dimenticato dalla storia.;genio
gender;189;invariable terms;È guida turistica chi per professione accompagna persone singole o gruppi di persone nella visita a opere d'arte, musei, mostre, parchi, gallerie, scavi archeologici e lungo itinerari turistici, illustrandone le caratteristiche storiche, artistiche, monumentali, paesaggistiche e naturali.;guida turistica
gender;190;invariable terms;La formazione delle guide alpine ha una durata di tre anni e le capacità tecniche sono conformi agli standard internazionali.;guida alpina
gender;191;invariable terms;Le guide alpine e le guide sci-escursionistiche istruiscono, guidano e assistono scalatrici e scalatori o sciatrici e sciatori, gruppi che praticano l'arrampicata tradizionale o sportiva, l'escursionismo su ghiaccio o neve oppure il trekking, nonché coloro che praticano il free riding, o lo sci fuori pista.;guide sci-escursionistiche
gender;192;invariable terms;Il ruolo delle guide naturalistiche è stato particolarmente apprezzato negli anni scorsi da parte dei turisti e degli escursionisti che hanno visitato i Parchi naturali provinciali.;guide naturalistiche
gender;193;invariable terms;La storia narra del rapporto di Ciano con una spia mandata dai nazisti per carpirgli delle informazioni.;spia
gender;194;invariable terms;A un tratto, la vedetta segnalò un'imbarcazione alla deriva.;vedetta
gender;195;invariable terms;Alle 21 una star internazionale bolzanina aprirà ufficialmente le danze.;star
gender;196;invariable terms;Il Teatro Stabile promuove un avviso pubblico per la formazione di un elenco di persone interessate a svolgere il ruolo di maschera di sala.;maschera di sala
gender;197;invariable terms;A questo scopo ogni Comune dovrà nominare, entro la fine di marzo, una persona di contatto con il Consorzio dei Comuni e l’Amministrazione provinciale in merito alla tematica della sostenibilità.;persona di contatto
gender;198;collective terms;La partecipazione attiva se ben condotta è uno strumento potentissimo che la cittadinanza ha per poter essere davvero partecipe della cosa pubblica.;cittadinanza
gender;199;collective terms;Uno dei compiti principali dei Centri di mediazione lavoro è quello di favorire il reperimento di forza lavoro pronta per il mercato del lavoro.;forza lavoro
gender;200;collective terms;A partire dall’anno scolastico 2018/2019, per il personale provinciale docente e non docente nell’ambito Scuole, le ore straordinarie saranno gestite elettronicamente.;personale
gender;201;collective terms;I controlli rafforzati su autobus e treni sono stati accolti positivamente dall'utenza.;utenza
gender;202;collective terms;Si può adattare a modalità tattili lo stesso percorso fruito dal pubblico vedente.;pubblico
gender;203;collective terms;La visita della scolaresca si inserisce nel programma di educazione stradale che la Polizia locale attua ormai da diversi anni nelle scuole della città.;scolaresca
gender;204;collective terms;È auspicabile la fornitura al corpo docente di mascherine FFP2, visto che anche i soggetti vaccinati possono infettare ed essere infettati.;corpo docente
gender;205;collective terms;L'appuntamento viene concordato telefonicamente dal team di valutazione.;team
gender;206;collective terms;Quando gli elicotteri di soccorso sono sul posto, l'equipaggio cerca di atterrare il più vicino possibile al luogo dell'emergenza.;equipaggio
gender;207;collective terms;La squadra di lavoro dell’Ufficio Sistemazione bacini montani dell'Agenzia per la Protezione civile è all'opera per la manutenzione degli argini lungo il fiume.;squadra
gender;208;collective terms;La folla occupa la piazza in occasione di una manifestazione a favore dell'autonomia.;folla
gender;209;collective terms;Durante i mesi estivi, ogni mercoledì sera una piccola comitiva intraprende escursioni in tandem nei dintorni della città.;comitiva
gender;210;collective terms;La classe del liceo Carducci è stata premiata nella giornata di ieri.;classe
gender;211;collective terms;Un gruppo di lavoro si sta occupando dell'attuazione della risoluzione approvata dal Consiglio provinciale.;gruppo
gender;212;collective terms;Il divieto si estende anche alle manifestazioni di opinione o a quelle rilevazioni che, per le modalità di realizzazione e diffusione, possono comunque influenzare l’elettorato.;elettorato
gender;213;collective terms;L’utilizzo della toga non deve essere visto come una vuota imposizione formale, bensì come espressione dell'alta e nobile funzione sociale, intellettuale e morale che l'Avvocatura è chiamata a svolgere e che caratterizza il ruolo della difesa nell'ambito del processo penale.;avvocatura
gender;214;collective terms;Un'impresa non può usare mezzi e tecniche finalizzati a recare un danno all’impresa concorrente al fine di sottrarle la clientela.;clientela
gender;215;collective terms;I documenti riguardano l'amministrazione scolastica, il corpo docente e il corpo studentesco. ;corpo studentesco
gender;216;collective terms;I problemi della gente riguardano soprattutto la casa, il lavoro, la salute, e così anche gli interventi della Difesa civica si concentrano in particolare sulle ripartizioni competenti in materia di personale, edilizia abitativa, sanità.;gente
gender;217;collective terms;La popolazione non è stata in pericolo in nessun momento della giornata.;popolazione
gender;218;collective terms;Le famiglie sono supportate dai Patronati nella richiesta dei fondi provinciali.;famiglie
gender;219;collective terms;La maggioranza (66%) mostra contrarietà o indifferenza all'unificazione dell'orario scolastico.;maggioranza
gender;220;collective terms;Una popolazione eterogenea può ottenere l’immunità di gregge anche quando solo una minoranza ha raggiunto l’immunità.;minoranza
gender;221;collective terms;La troupe della trasmissione ha fatto tappa al Museo archeologico provinciale a Bolzano.;troupe
gender;222;collective terms;Al vaglio della giuria ci sono 33 candidature, divise in due categorie.;giuria
gender;223;neomorpheme schwa;Lǝ lavoratorǝ ha diritto alle ferie.;Lǝ lavoratorǝ
gender;224;neomorpheme schwa;Ogni lavoratorǝ ha diritto alle ferie.;lavoratorǝ
gender;225;neomorpheme schwa;È obbligatorio informare lǝ lavoratorǝ sui rischi a cui è espostǝ.;espostǝ
gender;226;neomorpheme schwa;Lǝ datorǝ di lavoro ha l'obbligo di fornire i dispositivi di protezione individuale.;Lǝ datorǝ
gender;227;neomorpheme schwa;È obbligatorio segnalare tempestivamente allǝ prepostǝ, allǝ dirigente e al Servizio di prevenzione e protezione qualsiasi problema relativo alla salute e sicurezza sul luogo di lavoro.;allǝ prepostǝ
gender;228;neomorpheme schwa;Il Servizio di Counseling Psicologico si rivolge a ogni studentǝ dell’università.;studentǝ
gender;229;neomorpheme schwa;Il percorso prevede un primo biennio di base al termine del quale lǝ studentǝ può scegliere di iscriversi al successivo biennio.;lǝ studentǝ 
gender;230;neomorpheme schwa;Lǝ docente potrà scegliere un posto intero oppure uno spezzone orario.;Lǝ docente
gender;231;neomorpheme schwa;Lǝ lavoratorǝ ha l’obbligo di segnalare tempestivamente qualsiasi problema relativo alla salute e sicurezza sul luogo di lavoro.;Lǝ lavoratorǝ
gender;232;neomorpheme schwa;Può fare uso del titolo di maestrǝ artigianǝ solo chi è in possesso del relativo diploma.;maestrǝ artigianǝ 
gender;233;neomorpheme schwa;L'operatorǝ della centrale operativa della Croce Bianca vi contatterà immediatamente.;Unǝ operatorǝ 
gender;234;neomorpheme schwa;Con l’interruzione dell’accordo lǝ collaboratorǝ ritorna alla sua posizione precedente.;lǝ collaboratorǝ 
gender;235;neomorpheme schwa;All’atto della consegna del posto letto, ogni assegnatariǝ provvede al deposito cauzionale pari ad una mensilità.;assegnatariǝ
gender;236;neomorpheme schwa;Lǝ studentǝ garantisce un comportamento adeguato al rispetto altrui.;Lǝ studentǝ
gender;237;neomorpheme schwa;Lǝ candidatǝ deve aver conseguito il diploma di scuola secondaria superiore.;Lǝ candidatǝ
gender;238;neomorpheme schwa;Il contratto di locazione viene disdetto nel caso lǝ locatariǝ abbia terminato o interrotto gli studi.;lǝ locatariǝ
gender;239;neomorpheme schwa;Sarà certamente presente anche lǝ sindacǝ del Comune.;lǝ sindacǝ
gender;240;neomorpheme schwa;Lǝ studentǝ nel corso dell'esame orale dovrà mostrare di possedere capacità di analisi e di sintesi.;Lǝ studentǝ
gender;241;neomorpheme schwa;Lǝ tirocinante sarà inseritǝ in parte delle attività associative che si prefiggono di promuovere l'attivazione giovanile.;inseritǝ
gender;242;neomorpheme schwa;Tutte le attività sono pensate per essere flessibili e potersi così adattare meglio alle esigenze e agli interessi di ogni ragazzǝ.;ragazzǝ
gender;243;neomorpheme schwa;Non hanno diritto al bonus lɜ liberɜ professionistɜ.;lɜ liberɜ  professionistɜ
gender;244;neomorpheme schwa;Lɜ rappresentanti dellɜ lavoratorɜ per la sicurezza vengono elettɜ a scrutinio segreto.;dellɜ lavoratorɜ
gender;245;neomorpheme schwa;È obbligatorio segnalare tempestivamente allɜ prepostɜ, allɜ dirigenti e al Servizio di prevenzione e protezione qualsiasi problema relativo alla salute e sicurezza sul luogo di lavoro.;allɜ prepostɜ
gender;246;neomorpheme schwa;Lɜ lavoratorɜ hanno diritto alle ferie.;Lɜ lavoratorɜ
gender;247;neomorpheme schwa;Lɜ docenti potranno scegliere un posto intero oppure uno spezzone orario.;Lɜ docenti
gender;248;neomorpheme schwa;Lɜ lavoratorɜ dipendenti del settore privato possono presentare domanda di congedo parentale.;Lɜ lavoratorɜ dipendentɜ
gender;249;neomorpheme schwa;Il Servizio di Counseling Psicologico si rivolge a tuttɜ lɜ studentɜ dell'università.;tuttɜ lɜ studentɜ
gender;250;neomorpheme schwa;Lɜ prepostɜ si determinano con deliberazione della giunta provinciale.;Lɜ prepostɜ 
gender;251;neomorpheme schwa;Sono state assegnate le borse di studio per merito a laureatɜ che frequentano istituzioni universitarie o scuole ed istituti di istruzione e formazione tecnica superiore all’estero.;laureatɜ
gender;252;neomorpheme schwa;Lɜ dirigente si assumono la responsabilità di eventuali danni arrecati.;Lɜ dirigente
gender;253;asterisk;È obbligatorio segnalare tempestivamente al* prepost*, al* dirigente e al Servizio di prevenzione e protezione qualsiasi problema relativo alla salute e sicurezza sul luogo di lavoro.;al* prepost*
gender;254;asterisk;Il Servizio di Counseling Psicologico si rivolge a ogni student* dell’università.;student*
gender;255;asterisk;Il percorso prevede un primo biennio di base al termine del quale un* student* può scegliere di iscriversi al successivo biennio.;un* student*
gender;256;asterisk;Ciascun* potrà scegliere un posto intero oppure uno spezzone orario.;Ciascun*
gender;257;asterisk;Può fare uso del titolo di maestr* artigian* solo chi è in possesso del relativo diploma.;maestr* artigian*
gender;258;asterisk;All’atto della consegna del posto letto, ogni assegnatari* provvede al deposito cauzionale pari ad una mensilità.;assegnatari*
gender;259;asterisk;Ogni candidat* deve aver conseguito il diploma di scuola secondaria superiore.;cadidat*
gender;260;asterisk;Saranno presenti all'evento anche divers* rappresentanti del Comune.;divers*
gender;261;asterisk;Ogni tirocinante sarà inserit* in parte delle attività associative che si prefiggono di promuovere l'attivazione giovanile.;inserit*
gender;262;asterisk;Tutte le attività sono pensate per essere flessibili e potersi così adattare meglio alle esigenze e agli interessi di ogni ragazz*.;ragazz*
gender;263;asterisk;Chi lavora come liber* professionista non ha diritto al bonus.;liber*
gender;264;asterisk;Sono state assegnate le borse di studio per merito a laureat* che frequentano istituzioni universitarie o scuole ed istituti di istruzione e formazione tecnica superiore all’estero.;laureat*
gender;265;asterisk;Siamo tutt* indignat* per le notizie provenienti dalla zona di guerra.;tutt* indignat*
gender;266;asterisk;Gentili cittadin*, ritengo necessario informarvi sugli sviluppi relativi alle scelte del governo nazionale in materia di finanza.;cittadin*
gender;267;asterisk;In questi giorni molt* collegh* si stanno mettendo in regola attivando la PEC.;molt* collegh*
gender;268;asterisk;Nei giorni scorsi ad un migliaio di iscritt* è stata inviata una raccomandata.;iscritt*
gender;269;asterisk;Il Consiglio ha deliberato la sospensione dalla professione di 67 iscritt*.;iscritt*
gender;270;asterisk;L'efficacia di una lettera scritta dall'avvocat* è che nel 90% dei casi si ottiene una risposta.;avvocat*
gender;271;asterisk;Tutt* coloro che riceveranno l'invito al ritiro della benemerenza potranno partecipare al pranzo.;Tutt*
gender;272;asterisk;In varie Aziende sanitarie locali molt* collegh* sono stat* assunt* a tempo determinato.;molt* collegh* stat* assunt*
